	{

		"metadata": {
			"formatVersion" : 3.1,
			"generatedBy"   : "Blender 2.7 Exporter",
			"vertices"      : 56,
			"faces"         : 42,
			"normals"       : 8,
			"colors"        : 0,
			"uvs"           : [],
			"materials"     : 1,
			"morphTargets"  : 0,
			"bones"         : 0
		},

			"scale" : 1.000000,
			
			"vertices" : [0.25,-0.4,-2.30355,0.25,-0.753554,-1.95,-0.25,-0.753553,-1.95,-0.25,-0.4,-2.30355,0.25,-0.0464468,-1.95,0.25,-0.4,-1.59645,-0.25,-0.4,-1.59645,-0.25,-0.0464467,-1.95,0.25,0.4,-2.30355,0.25,0.0464465,-1.95,-0.25,0.0464466,-1.95,-0.25,0.4,-2.30355,0.25,0.753553,-1.95,0.25,0.4,-1.59645,-0.25,0.4,-1.59645,-0.25,0.753553,-1.95,0.25,1.11176e-08,-1.90355,0.25,-0.353553,-1.55,-0.25,-0.353553,-1.55,-0.25,8.48746e-08,-1.90355,0.25,0.353553,-1.55,0.25,-2.62527e-07,-1.19645,-0.25,-9.39393e-08,-1.19645,-0.25,0.353553,-1.55,0.25,4.39011e-08,-1.15355,0.25,-0.353553,-0.8,-0.25,-0.353553,-0.8,-0.25,1.17658e-07,-1.15355,0.25,0.353553,-0.8,0.25,-2.29743e-07,-0.446447,-0.25,-6.11558e-08,-0.446447,-0.25,0.353553,-0.8,0.25,-0.4,-0.753553,0.25,-0.753553,-0.4,-0.25,-0.753553,-0.4,-0.25,-0.4,-0.753553,0.25,-0.0464467,-0.4,0.25,-0.4,-0.0464465,-0.25,-0.4,-0.0464467,-0.25,-0.0464467,-0.4,0.25,0.4,-0.753553,0.25,0.0464466,-0.4,-0.25,0.0464466,-0.4,-0.25,0.4,-0.753554,0.25,0.753553,-0.4,0.25,0.4,-0.0464465,-0.25,0.4,-0.0464467,-0.25,0.753553,-0.4,0.25,7.88703e-08,-0.353553,0.25,-0.353553,-8.9407e-08,-0.25,-0.353553,-1.21017e-07,-0.25,1.52627e-07,-0.353553,0.25,0.353553,1.84237e-07,0.25,-1.94774e-07,0.353554,-0.25,-2.61867e-08,0.353553,-0.25,0.353553,8.9407e-08],
			"faces"    : [35,0,1,2,3,0,0,1,2,3,35,4,7,6,5,0,4,5,6,7,35,0,4,5,1,0,0,4,7,1,35,1,5,6,2,0,1,7,6,2,35,2,6,7,3,0,2,6,5,3,35,4,0,3,7,0,4,0,3,5,35,8,9,10,11,1,0,1,2,3,35,12,15,14,13,1,4,5,6,7,35,8,12,13,9,1,0,4,7,1,35,9,13,14,10,1,1,7,6,2,35,10,14,15,11,1,2,6,5,3,35,12,8,11,15,1,4,0,3,5,35,16,17,18,19,2,0,1,2,3,35,20,23,22,21,2,4,5,6,7,35,16,20,21,17,2,0,4,7,1,35,17,21,22,18,2,1,7,6,2,35,18,22,23,19,2,2,6,5,3,35,20,16,19,23,2,4,0,3,5,35,24,25,26,27,3,0,1,2,3,35,28,31,30,29,3,4,5,6,7,35,24,28,29,25,3,0,4,7,1,35,25,29,30,26,3,1,7,6,2,35,26,30,31,27,3,2,6,5,3,35,28,24,27,31,3,4,0,3,5,35,32,33,34,35,4,0,1,2,3,35,36,39,38,37,4,4,5,6,7,35,32,36,37,33,4,0,4,7,1,35,33,37,38,34,4,1,7,6,2,35,34,38,39,35,4,2,6,5,3,35,36,32,35,39,4,4,0,3,5,35,40,41,42,43,5,0,1,2,3,35,44,47,46,45,5,4,5,6,7,35,40,44,45,41,5,0,4,7,1,35,41,45,46,42,5,1,7,6,2,35,42,46,47,43,5,2,6,5,3,35,44,40,43,47,5,4,0,3,5,35,48,49,50,51,6,0,1,2,3,35,52,55,54,53,6,4,5,6,7,35,48,52,53,49,6,0,4,7,1,35,49,53,54,50,6,1,7,6,2,35,50,54,55,51,6,2,6,5,3,35,52,48,51,55,6,4,0,3,5],
			"uvs"      : [],
			"normals"  : [0.577349,0,-0.816492,0.577349,-0.816492,0,-0.577349,-0.816492,0,-0.577349,0,-0.816492,0.577349,0.816492,0,-0.577349,0.816492,0,-0.577349,0,0.816492,0.577349,0,0.816492],
			
			"skinIndices"  : [],
			"skinWeights"  : [],
			"morphTargets" : [],
			
			"bones"      : [],
			"animations" : [],
			
			"colors"    : [],
			"materials" : [
				{
					"DbgColor": 15658734,
					"DbgIndex": 0,
					"DbgName": "Material",
					"blending": "NormalBlending",
					"colorAmbient": [0.6799998265504783, 0.1278715653821738, 0.017125334791629365],
					"colorDiffuse": [0.6799998265504783, 0.1278715653821738, 0.017125334791629365],
					"colorEmissive": [0.0, 0.0, 0.0],
					"colorSpecular": [0.875, 0.5338336154818535, 0.19051845744252205],
					"depthTest": true,
					"depthWrite": true,
					"shading": "Lambert",
					"specularCoef": 35,
					"transparency": 1.0,
					"transparent": false,
					"vertexColors": false
				},
				{
					"DbgColor": 15597568,
					"DbgIndex": 1,
					"DbgName": "Material",
					"blending": "NormalBlending",
					"colorAmbient": [0.6799998265504783, 0.1278715653821738, 0.017125334791629365],
					"colorDiffuse": [0.6799998265504783, 0.1278715653821738, 0.017125334791629365],
					"colorEmissive": [0.0, 0.0, 0.0],
					"colorSpecular": [0.875, 0.5338336154818535, 0.19051845744252205],
					"depthTest": true,
					"depthWrite": true,
					"shading": "Lambert",
					"specularCoef": 35,
					"transparency": 1.0,
					"transparent": false,
					"vertexColors": false
				},
				{
					"DbgColor": 15597568,
					"DbgIndex": 1,
					"DbgName": "Material",
					"blending": "NormalBlending",
					"colorAmbient": [0.6799998265504783, 0.1278715653821738, 0.017125334791629365],
					"colorDiffuse": [0.6799998265504783, 0.1278715653821738, 0.017125334791629365],
					"colorEmissive": [0.0, 0.0, 0.0],
					"colorSpecular": [0.875, 0.5338336154818535, 0.19051845744252205],
					"depthTest": true,
					"depthWrite": true,
					"shading": "Lambert",
					"specularCoef": 35,
					"transparency": 1.0,
					"transparent": false,
					"vertexColors": false
				},
				{
					"DbgColor": 15597568,
					"DbgIndex": 1,
					"DbgName": "Material",
					"blending": "NormalBlending",
					"colorAmbient": [0.6799998265504783, 0.1278715653821738, 0.017125334791629365],
					"colorDiffuse": [0.6799998265504783, 0.1278715653821738, 0.017125334791629365],
					"colorEmissive": [0.0, 0.0, 0.0],
					"colorSpecular": [0.875, 0.5338336154818535, 0.19051845744252205],
					"depthTest": true,
					"depthWrite": true,
					"shading": "Lambert",
					"specularCoef": 35,
					"transparency": 1.0,
					"transparent": false,
					"vertexColors": false
				},
				{
					"DbgColor": 15597568,
					"DbgIndex": 1,
					"DbgName": "Material",
					"blending": "NormalBlending",
					"colorAmbient": [0.6799998265504783, 0.1278715653821738, 0.017125334791629365],
					"colorDiffuse": [0.6799998265504783, 0.1278715653821738, 0.017125334791629365],
					"colorEmissive": [0.0, 0.0, 0.0],
					"colorSpecular": [0.875, 0.5338336154818535, 0.19051845744252205],
					"depthTest": true,
					"depthWrite": true,
					"shading": "Lambert",
					"specularCoef": 35,
					"transparency": 1.0,
					"transparent": false,
					"vertexColors": false
				},
				{
					"DbgColor": 15597568,
					"DbgIndex": 1,
					"DbgName": "Material",
					"blending": "NormalBlending",
					"colorAmbient": [0.6799998265504783, 0.1278715653821738, 0.017125334791629365],
					"colorDiffuse": [0.6799998265504783, 0.1278715653821738, 0.017125334791629365],
					"colorEmissive": [0.0, 0.0, 0.0],
					"colorSpecular": [0.875, 0.5338336154818535, 0.19051845744252205],
					"depthTest": true,
					"depthWrite": true,
					"shading": "Lambert",
					"specularCoef": 35,
					"transparency": 1.0,
					"transparent": false,
					"vertexColors": false
				},
				{
					"DbgColor": 15597568,
					"DbgIndex": 1,
					"DbgName": "Material",
					"blending": "NormalBlending",
					"colorAmbient": [0.6799998265504783, 0.1278715653821738, 0.017125334791629365],
					"colorDiffuse": [0.6799998265504783, 0.1278715653821738, 0.017125334791629365],
					"colorEmissive": [0.0, 0.0, 0.0],
					"colorSpecular": [0.875, 0.5338336154818535, 0.19051845744252205],
					"depthTest": true,
					"depthWrite": true,
					"shading": "Lambert",
					"specularCoef": 35,
					"transparency": 1.0,
					"transparent": false,
					"vertexColors": false
				}
			]


	}
